season (enter as Sxx e.g. S26),S42,,,,,,,,,,,,,,,,
round (enter as Rxx e.g. R01),R01,,,,,,,,,,,,,,,,
home_team,Fremantle Dockers,,,,,,,,,,,,,,,,
away_team,Brisbane Lions,,,,,,,,,,,,,,,,
match_id,2026GF,,,,,,,,,,,,,,,,
home_pos,home_player,h_str,h_spd,h_agi,h_skl,h_end,h_prs,h_aur,away_pos,away_player,a_str,a_spd,a_agi,a_skl,a_end,a_prs,a_aur
h_rBP,Jordan Clark,15,15,15,15,15,15,10,a_rBP,Ryan Lester,15,15,15,15,15,15,10
h_FB,Alex Pearce,15,15,15,15,15,15,10,a_FB,Harris Andrews,15,15,15,15,15,15,10
h_lBP,Judd McVee,15,15,15,15,15,15,10,a_lBP,Ty Gallop,15,15,15,15,15,15,10
h_rHBF,Karl Worner,15,15,15,15,15,15,10,a_rHBF,Dayne Zorko,15,15,15,15,15,15,10
h_CHB,Oscar McDonald,15,15,15,15,15,15,10,a_CHB,Darcy Gardiner,15,15,15,15,15,15,10
h_lHBF,Heath Chapman,15,15,15,15,15,15,10,a_lHBF,Jaspa Fletcher,15,15,15,15,15,15,10
h_rW,Matthew Johnson,15,15,15,15,15,15,10,a_rW,Zac Bailey,15,15,15,15,15,15,10
h_C,Andrew Brayshaw,15,15,15,15,15,15,10,a_C,Will Ashcroft,15,15,15,15,15,15,10
h_lW,Neil Erasmus,15,15,15,15,15,15,10,a_lW,Jarrod Berry,15,15,15,15,15,15,10
h_rHFF,Michael Frederick,15,15,15,15,15,15,10,a_rHFF,Connor McKenna,15,15,15,15,15,15,10
h_CHF,Murphy Reid,15,15,15,15,15,15,10,a_CHF,Logan Morris,15,15,15,15,15,15,10
h_lHFF,Sam Switkowski,15,15,15,15,15,15,10,a_lHFF,Charlie Cameron,15,15,15,15,15,15,10
h_rFP,Jye Amiss,15,15,15,15,15,15,10,a_rFP,Kai Lohmann,15,15,15,15,15,15,10
h_FF,Josh Treacy,15,15,15,15,15,15,10,a_FF,Cam Rayner,15,15,15,15,15,15,10
h_lFP,Patrick Voss,15,15,15,15,15,15,10,a_lFP,Eric Hipwood,15,15,15,15,15,15,10
h_RUCK,Luke Jackson,15,15,15,15,15,15,10,a_RUCK,Sam Draper,15,15,15,15,15,15,10
h_RR,Caleb Serong,15,15,15,15,15,15,10,a_RR,Josh Dunkley,15,15,15,15,15,15,10
h_R,Shai Bolton,15,15,15,15,15,15,10,a_R,Hugh McCluggage,15,15,15,15,15,15,10
h_INT1,Isiah Dudley,15,15,15,15,15,15,10,a_INT1,Oscar Allen,15,15,15,15,15,15,10
h_INT2,Hayden Young,15,15,15,15,15,15,10,a_INT2,Lachie Neale,15,15,15,15,15,15,10
